Player,Team,G,GS,CG,SHO,IP,H,ER,K,BB,HR,W,L,SV,BS,HLD,ERA,WHIP
David Price,BOS,35,35,2,0,230.0,227,102,228,50,30,17,9,0,0,0,3.99,1.20
Max Scherzer,WAS,34,34,1,0,228.1,165,75,284,56,31,20,7,0,0,0,2.96,0.97
Justin Verlander,DET,34,34,2,0,227.2,171,77,254,57,30,16,9,0,0,0,3.04,1.00
Madison Bumgarner,SF,34,34,4,1,226.2,179,69,251,54,26,15,9,0,0,0,2.74,1.03
Chris Sale,CWS,32,32,6,1,226.2,190,84,233,45,27,17,10,0,0,0,3.34,1.04
Rick Porcello,BOS,33,33,3,0,223.0,193,78,189,32,23,22,4,0,0,0,3.15,1.01
Johnny Cueto,SF,32,32,5,2,219.2,195,68,198,45,15,18,5,0,0,0,2.79,1.09
Corey Kluber,CLE,32,32,3,2,215.0,170,75,227,57,22,18,9,0,0,0,3.14,1.06
Tanner Roark,WAS,34,33,0,0,210.0,173,66,172,73,17,16,10,0,0,1,2.83,1.17
Jose Quintana,CWS,32,32,0,0,208.0,192,74,181,50,22,13,12,0,0,0,3.20,1.16
Marcus Stroman,TOR,32,32,0,0,204.0,209,99,166,54,21,9,10,0,0,0,4.37,1.29
Jeff Samardzija,SF,32,32,1,0,203.1,190,86,167,54,24,12,11,0,0,0,3.81,1.20
Jon Lester,CHC,32,32,2,0,202.2,154,55,197,52,21,19,5,0,0,0,2.44,1.02
Chris Archer,TB,33,33,0,0,201.1,183,90,233,67,30,9,19,0,0,0,4.02,1.24
Cole Hamels,TEX,32,32,0,0,200.2,185,74,200,77,24,15,5,0,0,0,3.32,1.31
Masahiro Tanaka,NYY,31,31,0,0,199.2,179,68,165,36,22,14,4,0,0,0,3.07,1.08
Hisashi Iwakuma,SEA,33,33,0,0,199.0,218,91,147,46,28,16,12,0,0,0,4.12,1.33
Adam Wainwright,STL,33,33,1,1,198.2,220,102,161,59,22,13,9,0,0,0,4.62,1.40
Martin Perez,TEX,33,33,0,0,198.2,205,97,103,76,18,10,11,0,0,0,4.39,1.41
Jake Arrieta,CHC,31,31,1,1,197.1,138,68,190,76,16,18,8,0,0,0,3.10,1.08
Jerad Eickhoff,PHI,33,33,0,0,197.1,187,80,167,42,30,11,14,0,0,0,3.65,1.16
Ian Kennedy,KC,33,33,0,0,195.2,173,80,184,66,33,11,11,0,0,0,3.68,1.22
Carlos Martinez,STL,31,31,0,0,195.1,169,66,174,70,15,16,9,0,0,0,3.04,1.22
J.A. Happ,TOR,32,32,0,0,195.0,168,69,163,60,22,20,4,0,0,0,3.18,1.17
Aaron Sanchez,TOR,30,30,0,0,192.0,161,64,161,63,15,15,2,0,0,0,3.00,1.17
Bartolo Colon,NYM,34,33,0,0,191.2,200,73,128,32,24,15,8,0,0,0,3.43,1.21
Dan Straily,CIN,34,31,0,0,191.1,154,80,162,73,31,14,8,0,0,0,3.76,1.19
Kyle Hendricks,CHC,31,30,2,1,190.0,142,45,170,44,15,16,8,0,0,0,2.13,0.98
Trevor Bauer,CLE,35,28,1,0,190.0,179,90,168,70,20,12,8,0,0,0,4.26,1.31
Edinson Volquez,KC,34,34,0,0,189.1,217,113,139,76,23,10,11,0,0,0,5.37,1.55
Jeremy Hellickson,PHI,32,32,1,1,189.0,173,78,154,45,24,12,10,0,0,0,3.71,1.15
John Lackey,CHC,29,29,0,0,188.1,146,70,180,53,23,11,8,0,0,0,3.35,1.06
Julio Teheran,ATL,30,30,1,1,188.0,157,67,167,41,22,7,10,0,0,0,3.21,1.05
Jake Odorizzi,TB,33,33,0,0,187.2,170,77,166,54,29,10,6,0,0,0,3.69,1.19
Yordano Ventura,KC,32,32,2,0,186.0,190,92,144,78,23,11,12,0,0,0,4.45,1.44
Chad Bettis,COL,32,32,1,1,186.0,204,99,138,59,22,14,8,0,0,0,4.79,1.41
Kendall Graveman,OAK,31,31,2,1,186.0,196,85,108,47,22,10,11,0,0,0,4.11,1.31
Collin McHugh,HOU,33,33,1,0,184.2,206,89,177,54,25,13,10,0,0,0,4.34,1.41
Noah Syndergaard,NYM,31,30,0,0,183.2,168,53,218,43,11,14,9,0,0,1,2.60,1.15
Jose Fernandez,MIA,29,29,0,0,182.1,149,58,253,55,13,16,8,0,0,0,2.86,1.12
Ervin Santana,MIN,30,30,2,1,181.1,168,68,149,53,19,7,11,0,0,0,3.38,1.22
Doug Fister,HOU,32,32,0,0,180.1,195,93,115,62,24,12,13,0,0,0,4.64,1.43
Kevin Gausman,BAL,30,30,0,0,179.2,183,72,174,47,28,9,12,0,0,0,3.61,1.28
CC Sabathia,NYY,30,30,0,0,179.2,172,78,152,65,22,9,12,0,0,0,3.91,1.32
Danny Duffy,KC,42,26,1,0,179.2,163,70,188,42,27,12,3,0,0,1,3.51,1.14
Jimmy Nelson,MIL,32,32,0,0,179.1,186,92,140,86,25,8,16,0,0,0,4.62,1.52
Jered Weaver,LAA,31,31,1,1,178.0,209,100,103,51,37,12,12,0,0,0,5.06,1.46
Gio Gonzalez,WAS,32,32,0,0,177.1,179,90,171,59,19,11,11,0,0,0,4.57,1.34
Mike Leake,STL,30,30,0,0,176.2,203,92,125,30,20,9,12,0,0,0,4.69,1.32
Tom Koehler,MIA,33,33,0,0,176.2,176,85,147,83,22,9,13,0,0,0,4.33,1.47
Marco Estrada,TOR,29,29,0,0,176.0,132,68,165,65,23,9,9,0,0,0,3.48,1.12
Kenta Maeda,LAD,32,32,0,0,175.2,150,68,179,50,20,16,11,0,0,0,3.48,1.14
Michael Pineda,NYY,32,32,0,0,175.2,184,94,207,53,27,6,12,0,0,0,4.82,1.35
Drew Smyly,TB,30,30,0,0,175.1,174,95,167,49,32,7,12,0,0,0,4.88,1.27
Robbie Ray,ARI,32,32,0,0,174.1,185,95,218,71,24,8,15,0,0,0,4.90,1.47
Josh Tomlin,CLE,30,29,0,0,174.0,187,85,118,20,36,13,9,0,0,0,4.40,1.19
Chris Tillman,BAL,30,30,0,0,172.0,155,72,140,66,19,16,6,0,0,0,3.77,1.28
Brandon Finnegan,CIN,31,31,1,0,172.0,150,76,145,84,29,10,11,0,0,0,3.98,1.36
Jaime Garcia,STL,32,30,1,1,171.2,179,89,150,57,26,10,13,0,0,0,4.67,1.37
R.A. Dickey,TOR,30,29,0,0,169.2,169,84,126,63,28,10,15,0,0,0,4.46,1.37
Mike Fiers,HOU,31,30,0,0,168.2,187,84,134,42,26,11,8,0,0,0,4.48,1.36
Dallas Keuchel,HOU,26,26,1,1,168.0,168,85,144,48,20,9,12,0,0,0,4.55,1.29
Jon Gray,COL,29,29,1,1,168.0,153,86,185,59,18,10,10,0,0,0,4.61,1.26
Jason Hammel,CHC,30,30,0,0,166.2,148,71,144,53,25,15,10,0,0,0,3.83,1.21
Carlos Rodon,CWS,28,28,0,0,165.0,176,74,168,54,23,9,10,0,0,0,4.04,1.39
Zach Davies,MIL,28,28,0,0,163.1,166,72,135,38,20,11,7,0,0,0,3.97,1.25
Matt Shoemaker,LAA,27,27,1,1,160.0,166,69,143,30,18,9,13,0,0,0,3.88,1.23
Michael Fulmer,DET,26,26,1,1,159.0,136,54,132,42,16,11,7,0,0,0,3.06,1.12
Zack Greinke,ARI,26,26,1,1,158.2,161,77,134,41,23,13,7,0,0,0,4.37,1.27
Tyler Chatwood,COL,27,27,0,0,158.0,147,68,117,70,15,12,9,0,0,0,3.87,1.37
Steven Wright,BOS,24,24,4,1,156.2,138,58,127,57,12,13,6,0,0,0,3.33,1.24
Matt Wisler,ATL,27,26,0,0,156.2,159,87,115,49,26,7,13,1,0,0,5.00,1.33
Patrick Corbin,ARI,36,24,0,0,155.2,177,89,131,66,24,5,13,1,0,2,5.15,1.56
Felix Hernandez,SEA,25,25,0,0,153.1,138,65,122,65,19,11,8,0,0,0,3.82,1.32
Anibal Sanchez,DET,35,26,0,0,153.1,171,100,135,53,30,7,13,0,0,0,5.87,1.46
Chase Anderson,MIL,31,30,0,0,151.2,155,74,120,53,28,9,11,0,0,0,4.39,1.37
Clayton Kershaw,LAD,21,21,3,3,149.0,97,28,172,11,8,12,4,0,0,0,1.69,0.72
Jacob deGrom,NYM,24,24,1,1,148.0,142,50,143,36,15,7,8,0,0,0,3.04,1.20
Stephen Strasburg,WAS,24,24,0,0,147.2,119,59,183,44,15,15,4,0,0,0,3.60,1.10
Kyle Gibson,MIN,25,25,1,0,147.1,175,83,104,55,20,6,11,0,0,0,5.07,1.56
Luis Perdomo,SD,35,20,1,0,146.2,187,93,105,46,23,9,10,0,0,0,5.71,1.59
Carlos Carrasco,CLE,25,25,1,1,146.1,134,54,150,34,21,11,8,0,0,0,3.32,1.15
Sean Manaea,OAK,25,24,0,0,144.2,135,62,124,37,20,7,9,0,0,0,3.86,1.19
Ubaldo Jimenez,BAL,29,25,1,0,142.1,150,86,125,72,16,8,12,1,0,0,5.44,1.56
Archie Bradley,ARI,26,26,0,0,141.2,154,79,143,67,16,8,9,0,0,0,5.02,1.56
Clay Buchholz,BOS,37,21,0,0,139.1,130,74,93,55,21,8,10,0,0,2,4.78,1.33
Michael Wacha,STL,27,24,0,0,138.0,159,78,114,45,15,7,7,0,0,0,5.09,1.48
Danny Salazar,CLE,25,25,0,0,137.1,121,59,161,63,16,11,6,0,0,0,3.87,1.34
Scott Kazmir,LAD,26,26,0,0,136.1,133,69,134,52,21,10,6,0,0,0,4.56,1.36
Miguel Gonzalez,CWS,24,23,0,0,135.0,132,56,95,35,11,5,8,0,0,0,3.73,1.24
Taijuan Walker,SEA,25,25,1,1,134.1,129,63,119,37,27,8,11,0,0,0,4.22,1.24
Jorge De La Rosa,COL,27,24,0,0,134.0,157,82,108,63,23,8,9,0,0,0,5.51,1.64
Adam Conley,MIA,25,25,0,0,133.1,125,57,124,62,13,8,6,0,0,0,3.85,1.40
Tyler Duffey,MIN,26,26,0,0,133.0,167,95,114,32,25,9,12,0,0,0,6.43,1.50
Steven Matz,NYM,22,22,0,0,132.1,129,50,129,31,14,9,8,0,0,0,3.40,1.21
Vince Velasquez,PHI,24,24,1,1,131.0,129,60,152,45,21,8,6,0,0,0,4.12,1.33
Matt Moore,TB,21,21,0,0,130.0,125,59,109,40,20,7,7,0,0,0,4.08,1.27
Christian Friedrich,SD,24,23,0,0,129.1,131,69,100,52,13,5,12,0,0,0,4.80,1.41
Wily Peralta,MIL,23,23,0,0,127.2,152,69,93,43,19,7,11,0,0,0,4.86,1.53
Matt Andriese,TB,29,19,1,1,127.2,131,62,109,25,17,8,8,1,0,4,4.37,1.22
Jeff Locke,PIT,30,19,1,1,127.1,151,77,73,44,17,9,8,0,0,0,5.44,1.53
Dillon Gee,KC,33,14,0,0,125.0,146,65,89,37,24,8,9,0,0,0,4.68,1.46
Ricky Nolasco,MIN,21,21,0,0,124.2,139,71,93,29,18,4,8,0,0,0,5.13,1.35
Nathan Eovaldi,NYY,24,21,0,0,124.2,123,66,97,40,23,9,8,0,0,0,4.76,1.31
Mike Foltynewicz,ATL,22,22,0,0,123.1,125,59,111,35,18,9,5,0,0,0,4.31,1.30
Wei-Yin Chen,MIA,22,22,0,0,123.1,134,68,100,24,22,5,5,0,0,0,4.96,1.28
Anthony DeSclafani,CIN,20,20,1,1,123.1,120,45,105,30,16,9,5,0,0,0,3.28,1.22
Junior Guerra,MIL,20,20,0,0,121.2,94,38,100,43,10,9,3,0,0,0,2.81,1.13
James Paxton,SEA,20,20,0,0,121.0,134,51,117,24,9,6,7,0,0,0,3.79,1.31
Hector Santiago,LAA,22,22,0,0,120.2,104,57,107,57,20,10,4,0,0,0,4.25,1.33
A.J. Griffin,TEX,23,23,0,0,119.0,116,67,107,46,28,7,4,0,0,0,5.07,1.36
Mike Pelfrey,DET,24,22,0,0,119.0,160,67,56,46,15,4,10,0,0,0,5.07,1.73
Jake Peavy,SF,31,21,0,0,118.2,134,73,102,36,18,5,9,0,0,0,5.54,1.43
Yovani Gallardo,BAL,23,23,0,0,118.0,126,71,85,61,16,6,8,0,0,0,5.42,1.58
Juan Nicasio,PIT,52,12,0,0,118.0,117,59,138,45,15,10,7,0,2,7,4.50,1.37
Jhoulys Chacin,LAA,29,17,1,0,117.1,124,61,92,47,10,5,6,0,0,0,4.68,1.46
Sonny Gray,OAK,22,22,0,0,117.0,133,74,94,42,18,5,11,0,0,0,5.69,1.50
Colby Lewis,TEX,19,19,1,0,116.1,103,48,73,28,19,6,5,0,0,0,3.71,1.13
Gerrit Cole,PIT,21,21,1,0,116.0,131,50,98,36,7,7,10,0,0,0,3.88,1.44
James Shields,CWS,22,22,1,0,114.1,139,86,78,55,31,4,12,0,0,0,6.77,1.70
Tyler Anderson,COL,19,19,0,0,114.1,119,45,99,28,12,5,6,0,0,0,3.54,1.29
Francisco Liriano,PIT,21,21,0,0,113.2,115,69,116,69,19,6,11,0,0,0,5.46,1.62
Adam Morgan,PHI,23,21,0,0,113.1,141,76,95,29,23,2,11,0,0,0,6.04,1.50
Wade Miley,SEA,19,19,1,1,112.0,117,62,82,34,18,7,8,0,0,0,4.98,1.35
Aaron Nola,PHI,20,20,0,0,111.0,116,59,121,29,10,6,9,0,0,0,4.78,1.31
Jon Niese,PIT,23,18,0,0,110.0,132,60,76,38,21,8,6,0,0,0,4.91,1.55
Dylan Bundy,BAL,36,14,0,0,109.2,109,49,104,42,18,10,6,0,0,3,4.02,1.38
Chris Devenski,HOU,48,5,0,0,108.1,79,26,104,20,4,4,4,1,0,5,2.16,0.91
Derek Holland,TEX,22,20,0,0,107.1,116,59,67,35,15,7,9,0,0,0,4.95,1.41
Eduardo Rodriguez,BOS,20,20,0,0,107.0,99,56,100,40,16,3,7,0,0,0,4.71,1.30
Jordan Zimmermann,DET,19,18,0,0,105.1,118,57,66,26,14,9,7,0,0,0,4.87,1.37
Joe Ross,WAS,19,19,0,0,105.0,108,40,93,29,9,7,5,0,0,0,3.43,1.30
Jameson Taillon,PIT,18,18,0,0,104.0,99,39,85,17,13,5,4,0,0,0,3.38,1.12
Drew Pomeranz,SD,17,17,0,0,102.0,67,28,115,41,8,8,7,0,0,0,2.47,1.06
Matt Garza,MIL,19,19,0,0,101.2,117,51,70,36,11,6,8,0,0,0,4.51,1.50
Shelby Miller,ARI,20,20,1,1,101.0,127,69,70,42,14,3,12,0,0,0,6.15,1.67
Yu Darvish,TEX,17,17,0,0,100.1,81,38,132,31,12,7,5,0,0,0,3.41,1.12
Ross Stripling,LAD,22,14,0,0,100.0,96,44,74,30,10,5,9,0,0,0,3.96,1.26
Colin Rea,SD,19,18,0,0,99.1,101,55,76,44,12,5,5,0,0,0,4.98,1.46
Matthew Boyd,DET,20,18,0,0,97.1,97,49,82,29,17,6,5,0,0,0,4.53,1.29
Ivan Nova,NYY,21,15,0,0,97.1,107,53,75,25,19,7,6,1,0,0,4.90,1.36
Nate Karns,SEA,22,15,0,0,94.1,95,54,101,45,11,6,2,1,0,0,5.15,1.48
Tyler Wilson,BAL,24,13,0,0,94.0,110,55,55,24,15,4,6,0,0,0,5.27,1.43
Matt Harvey,NYM,17,17,0,0,92.2,111,50,76,25,8,4,10,0,0,0,4.86,1.47
Logan Verrett,NYM,35,12,0,0,91.2,100,53,66,43,16,3,8,0,0,0,5.20,1.56
Erasmo Ramirez,TB,64,1,0,0,90.2,90,38,63,26,14,7,11,2,4,15,3.77,1.28
Brad Hand,SD,82,0,0,0,89.1,63,29,111,36,8,4,4,1,6,21,2.92,1.11
Matt Cain,SF,21,17,0,0,89.1,103,56,72,32,16,4,8,0,0,0,5.64,1.51
Blake Snell,TB,19,19,0,0,89.0,93,35,98,51,5,6,8,0,0,0,3.54,1.62
Chris Young,KC,34,13,0,0,88.2,104,61,94,43,28,3,9,1,0,1,6.19,1.66
Vance Worley,BAL,35,4,0,0,86.2,84,34,56,35,11,2,2,1,0,0,3.53,1.37
David Phelps,MIA,64,5,0,0,86.2,61,22,114,38,6,7,6,4,6,25,2.28,1.14
Chris Rusin,COL,29,7,0,0,84.1,82,35,69,23,5,3,5,0,1,3,3.74,1.25
Albert Suarez,SF,22,12,0,0,84.0,84,40,54,26,11,3,5,0,0,1,4.29,1.31
Jose Urena,MIA,28,12,0,0,83.2,91,57,58,29,11,4,9,1,2,1,6.13,1.43
Carlos Torres,MIL,72,0,0,0,82.1,65,25,78,30,8,3,3,2,3,20,2.73,1.15
Ryan Vogelsong,PIT,24,14,0,0,82.1,80,44,61,40,11,3,7,0,0,1,4.81,1.46
Lance McCullers,HOU,14,14,0,0,81.0,80,29,106,45,5,6,5,0,0,0,3.22,1.54
Hector Neris,PHI,79,0,0,0,80.1,59,23,102,30,9,4,4,2,4,28,2.58,1.11
Joe Blanton,LAD,75,0,0,0,80.0,55,22,80,26,7,7,2,0,1,28,2.48,1.01
Seunghwan Oh,STL,76,0,0,0,79.2,55,17,103,18,5,6,3,19,4,14,1.92,0.92
Andrew Cashner,SD,16,16,0,0,79.1,80,42,67,30,13,4,7,0,0,0,4.76,1.39
Justin Nicolino,MIA,18,13,0,0,79.1,96,44,37,20,8,3,6,0,0,0,4.99,1.46
Brad Brach,BAL,71,0,0,0,79.0,57,18,92,25,7,10,4,2,5,24,2.05,1.04
Raisel Iglesias,CIN,37,5,0,0,78.1,63,22,83,26,7,3,2,6,2,7,2.53,1.14
Hansel Robles,NYM,68,0,0,0,77.2,69,30,85,36,7,6,4,1,2,13,3.48,1.35
Addison Reed,NYM,80,0,0,0,77.2,60,17,91,13,4,4,2,1,4,40,1.97,0.94
Jeurys Familia,NYM,78,0,0,0,77.2,63,22,84,31,1,3,4,51,5,0,2.55,1.21
Julio Urias,LAD,18,15,0,0,77.0,81,29,84,31,5,5,2,0,0,0,3.39,1.45
Blake Wood,CIN,70,0,0,0,76.2,72,34,81,38,9,6,5,1,5,15,3.99,1.43
Rich Hill,OAK,14,14,0,0,76.0,55,19,90,28,2,9,3,0,0,0,2.25,1.09
Ryan Pressly,MIN,72,0,0,0,75.1,79,31,67,23,8,6,7,1,5,14,3.70,1.35
Randall Delgado,ARI,79,0,0,0,75.0,77,37,68,36,8,5,2,0,3,7,4.44,1.51
Mychal Givens,BAL,66,0,0,0,74.2,59,26,96,36,6,8,2,0,1,13,3.13,1.27
Mike Wright Jr.,BAL,18,12,0,0,74.2,81,48,50,26,12,3,4,0,0,0,5.79,1.43
Zack Godley,ARI,27,9,0,0,74.2,86,53,60,25,13,5,4,0,1,0,6.39,1.49
Ryan Dull,OAK,70,0,0,0,74.1,50,20,73,15,10,5,5,3,3,15,2.42,0.87
Roberto Osuna,TOR,72,0,0,0,74.0,55,22,82,14,9,4,3,36,6,0,2.68,0.93
Carlos Villanueva,SD,51,0,0,0,74.0,89,49,61,14,17,2,2,1,1,4,5.96,1.39
Pedro Baez,LAD,73,0,0,0,74.0,52,25,83,22,11,3,2,0,2,23,3.04,1.00
Edwin Jackson,SD,13,13,0,0,73.1,79,48,54,35,12,5,6,0,0,0,5.89,1.55
Ricky Nolasco,LAA,11,11,1,1,73.0,63,26,51,15,8,4,6,0,0,0,3.21,1.07
Dellin Betances,NYY,73,0,0,0,73.0,54,25,126,28,5,3,6,12,5,28,3.08,1.12
Alex Wilson,DET,62,0,0,0,73.0,68,24,49,21,5,4,0,0,4,14,2.96,1.22
David Hernandez,PHI,70,0,0,0,72.2,77,31,80,32,11,3,4,1,2,15,3.84,1.50
Kyle Barraclough,MIA,75,0,0,0,72.2,45,23,113,44,1,6,3,0,4,29,2.85,1.22
Daniel Mengden,OAK,14,14,0,0,72.0,83,52,71,33,9,2,9,0,0,0,6.50,1.61
Kelvin Herrera,KC,72,0,0,0,72.0,57,22,86,12,6,2,6,12,3,26,2.75,0.96
Michael Tonkin,MIN,65,0,0,0,71.2,80,40,80,24,13,3,2,0,2,2,5.02,1.45
Luis Severino,NYY,22,11,0,0,71.0,78,46,66,25,11,3,8,0,0,1,5.83,1.45
Chad Kuhl,PIT,14,14,0,0,70.2,73,33,53,20,7,5,4,0,0,0,4.20,1.32
Dan Otero,CLE,62,0,0,0,70.2,54,12,57,10,2,5,1,1,1,3,1.53,0.91
Nate Jones,CWS,71,0,0,0,70.2,48,18,80,15,7,5,3,3,9,28,2.29,0.89
Bud Norris,ATL,22,10,0,0,70.1,68,33,60,28,6,3,7,0,0,1,4.22,1.36
Sam Dyson,TEX,73,0,0,0,70.1,63,19,55,23,5,3,2,38,5,10,2.43,1.22
Luis Cessa,NYY,17,9,0,0,70.1,64,34,46,14,16,4,4,0,0,0,4.35,1.11
Zach Neal,OAK,24,6,0,0,70.0,72,33,27,6,9,2,4,2,1,0,4.24,1.11
Braden Shipley,ARI,13,11,0,0,70.0,80,41,43,28,14,4,5,0,0,0,5.27,1.54
Aaron Blair,ATL,15,15,0,0,70.0,82,59,46,34,14,2,7,0,0,0,7.59,1.66
John Lamb,CIN,14,14,0,0,70.0,84,50,58,31,14,1,7,0,0,0,6.43,1.64
Brandon Maurer,SD,71,0,0,0,69.2,65,35,72,23,7,0,5,13,6,13,4.52,1.26
Tim Adleman,CIN,13,13,0,0,69.2,64,31,47,20,13,4,4,0,0,0,4.00,1.21
Daniel Norris,DET,14,13,0,0,69.1,75,26,71,22,10,4,2,0,0,0,3.38,1.40
Tommy Milone,MIN,19,12,0,0,69.1,84,44,49,22,15,3,5,0,0,1,5.71,1.53
Drew Pomeranz,BOS,14,13,0,0,68.2,70,35,71,24,14,3,5,0,0,0,4.59,1.37
Kenley Jansen,LAD,71,0,0,0,68.2,35,14,104,11,4,3,2,47,6,0,1.83,0.67
Jeanmar Gomez,PHI,70,0,0,0,68.2,78,37,47,22,6,3,5,37,6,1,4.85,1.46
Nick Tropeano,LAA,13,13,0,0,68.1,70,27,68,31,14,3,2,0,0,0,3.56,1.48
Matt Moore,SF,12,12,0,0,68.1,59,31,69,32,5,6,5,0,0,0,4.08,1.33
Cody Allen,CLE,67,0,0,0,68.0,41,19,87,27,8,3,5,32,3,0,2.51,1.00
Tony Watson,PIT,70,0,0,0,67.2,52,23,58,20,10,2,5,15,5,23,3.06,1.06
Joe Biagini,TOR,60,0,0,0,67.2,69,23,62,19,3,4,3,1,2,8,3.06,1.30
Matt Bowman,STL,59,0,0,0,67.2,59,26,52,20,4,2,5,0,1,13,3.46,1.17
Pat Dean,MIN,19,9,0,0,67.1,88,47,50,23,13,1,6,0,0,0,6.28,1.65
James Shields,SD,11,11,0,0,67.1,69,32,57,27,9,2,7,0,0,0,4.28,1.43
Dustin McGowan,MIA,55,0,0,0,67.0,49,21,63,33,7,1,3,1,1,3,2.82,1.22
Zack Britton,BAL,69,0,0,0,67.0,38,4,74,18,1,2,1,47,0,0,0.54,0.84
Tyler Thornburg,MIL,67,0,0,0,67.0,38,16,90,25,6,8,5,13,8,20,2.15,0.94
Blake Treinen,WAS,73,0,0,0,67.0,51,17,63,31,5,4,1,1,2,22,2.28,1.22
Matt Barnes,BOS,62,0,0,0,66.2,62,30,71,31,6,4,3,1,1,17,4.05,1.40
Joakim Soria,KC,70,0,0,0,66.2,70,30,68,27,10,5,8,1,7,21,4.05,1.46
Bryan Shaw,CLE,75,0,0,0,66.2,56,24,69,28,8,2,5,1,3,25,3.24,1.26
Blaine Boyer,MIL,61,0,0,0,66.0,80,29,26,17,4,2,4,1,2,5,3.95,1.47
Ross Ohlendorf,CIN,64,0,0,0,65.2,59,34,68,32,14,5,7,2,3,3,4.66,1.39
Trevor Cahill,CHC,50,1,0,0,65.2,49,20,66,35,7,4,4,0,1,4,2.74,1.28
John Axford,OAK,68,0,0,0,65.2,65,29,60,30,6,6,4,3,7,15,3.97,1.45
Ken Giles,HOU,69,0,0,0,65.2,60,30,102,25,8,2,5,15,5,18,4.11,1.29
Michael Feliz,HOU,47,0,0,0,65.0,55,32,95,22,10,8,1,0,3,5,4.43,1.18
Liam Hendriks,OAK,53,0,0,0,64.2,69,27,71,14,6,0,4,0,1,10,3.76,1.28
Ivan Nova,PIT,11,11,3,0,64.2,68,22,52,3,4,5,2,0,0,0,3.06,1.10
Jim Johnson,ATL,65,0,0,0,64.2,57,22,68,20,3,2,6,20,3,8,3.06,1.19
Ryan Madson,OAK,63,0,0,0,64.2,63,26,49,20,7,6,7,30,7,3,3.62,1.28
Steve Cishek,SEA,62,0,0,0,64.0,44,20,76,21,8,4,6,25,7,9,2.81,1.02
Will Harris,HOU,66,0,0,0,64.0,52,16,69,15,3,1,2,12,3,28,2.25,1.05
Eddie Butler,COL,17,9,0,0,64.0,87,51,47,21,13,2,5,0,0,0,7.17,1.69
AJ Ramos,MIA,67,0,0,0,64.0,52,20,73,35,1,1,4,40,3,2,2.81,1.36
Seth Lugo,NYM,17,8,0,0,64.0,49,19,45,21,7,5,2,0,0,0,2.67,1.09
Zach Eflin,PHI,11,11,2,1,63.1,67,39,31,17,12,3,5,0,0,0,5.54,1.33
Ryan Buchter,SD,67,0,0,0,63.0,34,20,78,31,4,3,0,1,1,20,2.86,1.03
Tony Cingrani,CIN,65,0,0,0,63.0,54,29,49,37,5,2,5,17,6,8,4.14,1.44
Joel De La Cruz,ATL,22,9,0,0,62.2,65,34,37,22,10,0,7,0,0,0,4.88,1.39
David Robertson,CWS,62,0,0,0,62.1,53,24,75,32,6,5,3,37,7,0,3.47,1.36
Scott Feldman,HOU,26,5,0,0,62.0,64,20,42,13,8,5,3,0,1,0,2.90,1.24
Yusmeiro Petit,WAS,36,1,0,0,62.0,67,31,49,15,12,3,5,1,1,1,4.50,1.32
Joe Musgrove,HOU,11,10,0,0,62.0,59,28,55,16,9,4,4,0,0,0,4.06,1.21
Kevin Siegrist,STL,67,0,0,0,61.2,42,19,66,26,10,6,3,3,5,17,2.77,1.10
Matt Bush,TEX,58,0,0,0,61.2,44,17,61,14,4,7,2,1,3,22,2.48,0.94
Mike Montgomery,SEA,32,2,0,0,61.2,49,16,54,18,3,3,4,0,0,3,2.34,1.09
Paul Clemens,SD,16,12,0,0,61.1,61,25,47,23,9,3,5,0,1,0,3.67,1.37
Hector Santiago,MIN,11,11,0,0,61.1,65,38,37,22,13,3,6,0,0,0,5.58,1.42
Taylor Rogers,MIN,57,0,0,0,61.1,63,27,64,16,7,3,1,0,0,9,3.96,1.29
Hunter Strickland,SF,72,0,0,0,61.0,50,21,57,19,4,3,3,3,5,18,3.10,1.13
Travis Wood,CHC,77,0,0,0,61.0,45,20,47,24,8,4,0,0,1,12,2.95,1.13
Jonathan Broxton,STL,66,0,0,0,60.2,52,29,57,24,7,4,2,0,3,12,4.30,1.25
Dan Jennings,CWS,64,0,0,0,60.2,57,14,46,28,1,4,3,1,2,10,2.08,1.40
Cody Anderson,CLE,19,9,0,0,60.2,85,45,54,13,13,2,5,0,0,0,6.68,1.62
Tony Barnette,TEX,53,0,0,0,60.1,54,14,49,16,4,7,3,0,1,15,2.09,1.16
Shane Greene,DET,50,3,0,0,60.1,58,39,59,22,3,5,4,2,1,16,5.82,1.33
Alex Wood,LAD,14,10,0,0,60.1,56,25,66,20,5,1,4,0,0,0,3.73,1.26
Nick Vincent,SEA,60,0,0,0,60.1,53,25,65,15,11,4,4,3,6,17,3.73,1.13
Daniel Hudson,ARI,70,0,0,0,60.1,65,35,58,22,6,3,2,5,2,17,5.22,1.44
Mat Latos,CWS,11,11,0,0,60.1,63,31,32,25,10,6,2,0,0,0,4.62,1.46
Josh A. Smith,CIN,32,2,0,0,59.2,57,31,48,26,11,3,3,0,0,1,4.68,1.39
Kevin Quackenbush,SD,60,0,0,0,59.2,55,26,42,22,8,7,7,2,1,9,3.92,1.29
Jared Hughes,PIT,67,0,0,0,59.1,62,20,34,22,6,1,1,1,2,4,3.03,1.42
Jake Barrett,ARI,68,0,0,0,59.1,47,23,56,28,6,1,2,4,5,8,3.49,1.26
Phil Hughes,MIN,12,11,1,0,59.0,76,39,34,13,11,1,7,0,0,0,5.95,1.51
Alfredo Simon,CIN,15,11,0,0,58.2,89,61,39,31,15,2,7,0,0,0,9.36,2.05
Jordan Lyles,COL,40,5,0,0,58.2,69,38,32,28,4,4,5,1,3,3,5.83,1.65
Justin Wilson,DET,66,0,0,0,58.2,61,27,65,17,6,4,5,1,5,25,4.14,1.33
Jhan Marinez,MIL,43,0,0,0,58.2,60,21,47,21,3,0,1,0,0,5,3.22,1.38
Vidal Nuno,SEA,55,1,0,0,58.2,67,23,51,11,11,1,1,0,2,12,3.53,1.33
Jose Berrios,MIN,14,14,0,0,58.1,74,52,49,35,12,3,7,0,0,0,8.02,1.87
Francisco Rodriguez,DET,61,0,0,0,58.1,45,21,52,21,6,3,4,44,5,0,3.24,1.13
Santiago Casilla,SF,62,0,0,0,58.0,50,23,65,19,8,2,5,31,9,3,3.57,1.19
Shawn Kelley,WAS,67,0,0,0,58.0,41,17,80,11,9,3,2,7,2,14,2.64,0.90
Luke Gregerson,HOU,59,0,0,0,57.2,38,21,67,18,5,4,3,15,6,15,3.28,0.97
Jose Alvarez,LAA,64,0,0,0,57.1,71,22,51,15,4,1,3,0,1,11,3.45,1.50
Alex Colome,TB,57,0,0,0,56.2,43,12,71,15,6,2,4,37,3,1,1.91,1.02
Fernando Salas,LAA,58,0,0,0,56.1,52,28,45,19,9,3,6,6,5,13,4.47,1.26
Andrew Triggs,OAK,24,6,0,0,56.1,56,27,55,13,5,1,1,0,0,0,4.31,1.22
Ariel Miranda,SEA,11,10,0,0,56.0,43,22,40,18,12,5,2,0,0,0,3.54,1.09
Mike Morin,LAA,60,0,0,0,55.2,52,27,49,15,6,2,2,0,1,12,4.37,1.20
Kyle Ryan,DET,56,0,0,0,55.2,48,19,35,15,2,4,2,0,1,4,3.07,1.13
Brian Flynn,KC,36,1,0,0,55.1,38,16,44,23,5,1,2,0,0,2,2.60,1.10
Robbie Ross,BOS,54,0,0,0,55.1,47,20,56,23,2,3,2,0,0,8,3.25,1.27
Derek Law,SF,61,0,0,0,55.0,44,13,50,9,3,4,2,1,1,14,2.13,0.96
Carlos Estevez,COL,63,0,0,0,55.0,50,32,59,28,6,3,7,11,7,11,5.24,1.42
Brandon Kintzler,MIN,54,0,0,0,54.1,59,19,35,8,5,0,2,17,3,1,3.15,1.23
Wade Miley,BAL,11,11,0,0,54.0,70,37,55,15,7,2,5,0,0,0,6.17,1.57
Neftali Feliz,PIT,62,0,0,0,53.2,40,21,61,21,10,4,2,2,2,30,3.52,1.14
Clayton Richard,SD,11,9,0,0,53.2,58,15,34,24,4,3,3,0,0,0,2.52,1.53
Jake Thompson,PHI,10,10,0,0,53.2,53,34,32,28,10,3,6,0,0,0,5.70,1.51
Williams Perez,ATL,11,11,0,0,53.2,57,36,27,15,7,2,3,0,0,0,6.04,1.34
George Kontos,SF,57,0,0,0,53.1,42,15,35,20,3,3,2,0,2,9,2.53,1.16
Deolis Guerra,LAA,44,0,0,0,53.1,52,19,36,7,6,3,0,0,4,5,3.21,1.11
Chien-Ming Wang,KC,38,0,0,0,53.1,60,25,30,18,6,6,0,0,0,0,4.22,1.46
Craig Kimbrel,BOS,57,0,0,0,53.0,28,20,83,30,4,2,6,31,2,1,3.40,1.09
Jake Diekman,TEX,66,0,0,0,53.0,36,20,59,26,4,4,2,4,1,26,3.40,1.17
Mike Clevinger,CLE,17,10,0,0,53.0,50,31,50,29,8,3,3,0,0,0,5.26,1.49
Justin Grimm,CHC,68,0,0,0,52.2,47,24,65,23,5,2,1,0,0,10,4.10,1.33
Andrew Cashner,MIA,12,11,0,0,52.2,62,35,45,30,6,1,4,0,0,0,5.98,1.75
Zach McAllister,CLE,53,2,0,0,52.1,53,20,54,23,6,3,2,0,1,7,3.44,1.45
Tyrell Jenkins,ATL,14,8,0,0,52.0,55,34,26,33,11,2,4,0,0,0,5.88,1.69
A.J. Schugel,PIT,36,0,0,0,52.0,41,21,46,13,4,2,2,1,1,3,3.63,1.04
Edwin Diaz,SEA,49,0,0,0,51.2,45,16,88,15,5,0,4,18,3,13,2.79,1.16
Alex Claudio,TEX,39,0,0,0,51.2,55,16,34,10,2,4,1,0,0,2,2.79,1.26
Nick Wittgren,MIA,48,0,0,0,51.2,50,18,42,10,6,4,3,0,2,6,3.14,1.16
Matt Albers,CWS,58,1,0,0,51.1,67,36,30,19,10,2,6,0,4,13,6.31,1.68
Hector Rondon,CHC,54,0,0,0,51.0,42,20,58,8,8,2,3,18,5,7,3.53,0.98
Heath Hembree,BOS,38,0,0,0,51.0,51,15,47,17,6,4,1,0,2,5,2.65,1.33
Ian Krol,ATL,63,0,0,0,51.0,54,18,56,13,4,2,0,0,2,10,3.18,1.31
Rubby De La Rosa,ARI,13,10,0,0,50.2,43,24,54,20,8,4,5,0,0,0,4.26,1.24
J.P. Howell,LAD,64,0,0,0,50.2,56,23,44,15,4,1,1,0,0,2,4.09,1.40
Brett Oberholtzer,PHI,26,0,0,0,50.1,58,27,38,20,11,2,2,1,0,0,4.83,1.55
Michael Lorenzen,CIN,35,0,0,0,50.0,41,16,48,13,5,2,1,0,2,10,2.88,1.08
Wade LeBlanc,SEA,11,8,0,0,50.0,52,25,41,9,14,3,0,1,0,0,4.50,1.22
John Gant,ATL,20,7,0,0,50.0,54,27,49,21,7,1,4,0,0,0,4.86,1.50
Junichi Tazawa,BOS,53,0,0,0,49.2,47,23,54,14,9,3,2,0,2,16,4.17,1.23
Tyler Skaggs,LAA,10,10,0,0,49.2,51,23,50,23,5,3,4,0,0,0,4.17,1.49
Felipe Vazquez,WAS,47,0,0,0,49.2,43,25,53,15,4,0,3,1,1,16,4.53,1.17
Mark Lowe,DET,54,0,0,0,49.1,57,39,49,21,12,1,3,0,1,8,7.11,1.58
Francisco Liriano,TOR,10,8,0,0,49.1,42,16,52,16,7,2,2,0,0,0,2.92,1.18
Cory Gearrin,SF,56,0,0,0,48.1,42,23,45,14,4,3,2,3,4,15,4.28,1.16
Louis Coleman,LAD,61,0,0,0,48.0,45,25,45,24,5,2,1,0,2,10,4.69,1.44
Tyler Lyons,STL,30,0,0,0,48.0,35,18,46,14,9,2,0,0,0,4,3.38,1.02
Cody Reed,CIN,10,10,0,0,47.2,67,39,43,19,12,0,7,0,0,0,7.36,1.80
Daniel Coulombe,OAK,35,0,0,0,47.2,37,24,54,17,6,3,1,0,1,2,4.53,1.13
Cesar Ramos,TEX,16,4,0,0,47.2,60,32,27,20,12,3,3,1,0,0,6.04,1.68
Pedro Strop,CHC,54,0,0,0,47.1,27,15,60,15,4,2,2,0,4,21,2.85,0.89
Koji Uehara,BOS,50,0,0,0,47.0,34,18,63,11,8,2,3,7,2,18,3.45,0.96
Pat Neshek,HOU,60,0,0,0,47.0,33,16,43,11,6,2,2,0,0,18,3.06,0.94
Boone Logan,COL,66,0,0,0,46.1,27,19,57,20,4,2,5,1,3,28,3.69,1.01
JC Ramirez,LAA,43,0,0,0,46.1,42,15,31,13,5,2,1,1,1,12,2.91,1.19
Jesse Hahn,OAK,9,9,0,0,46.1,57,31,23,19,8,2,4,0,0,0,6.02,1.64
Matt Belisle,WAS,40,0,0,0,46.0,43,9,32,7,2,0,0,0,0,4,1.76,1.09
Alex Reyes,STL,12,5,0,0,46.0,33,8,52,23,1,4,1,1,0,1,1.57,1.22
Chad Green,NYY,12,8,0,0,45.2,49,24,52,15,12,2,4,1,0,0,4.73,1.40
Jake McGee,COL,57,0,0,0,45.2,56,24,38,16,9,2,3,15,4,4,4.73,1.58
Enny Romero,TB,52,0,0,0,45.2,42,30,50,28,7,2,0,1,1,6,5.91,1.53
Andrew Miller,NYY,44,0,0,0,45.1,28,7,77,7,5,6,1,9,2,16,1.39,0.77
Peter Moylan,KC,50,0,0,0,44.2,42,17,34,16,4,2,0,0,0,7,3.43,1.30
Jeremy Jeffress,MIL,47,0,0,0,44.2,45,11,35,11,2,2,2,27,1,0,2.22,1.25
Robert Gsellman,NYM,8,7,0,0,44.2,42,12,42,15,1,4,2,0,0,0,2.42,1.28
Reynaldo Lopez,WAS,11,6,0,0,44.0,47,24,42,22,4,5,3,0,0,1,4.91,1.57
Ross Detwiler,OAK,9,7,0,0,44.0,56,30,23,15,4,2,4,0,0,0,6.14,1.61
Antonio Bastardo,NYM,41,0,0,0,43.2,41,23,46,21,8,0,0,0,1,7,4.74,1.42
Tony Sipp,HOU,60,0,0,0,43.2,52,24,40,18,12,1,2,1,1,12,4.95,1.60
Wade Davis,KC,45,0,0,0,43.1,33,9,47,16,0,2,1,27,3,0,1.87,1.13
Jeff Manship,CLE,53,0,0,0,43.1,40,15,36,22,7,2,1,0,1,6,3.12,1.43
Jumbo Diaz,CIN,45,0,0,0,43.0,36,15,37,19,8,1,1,0,1,4,3.14,1.28
Bud Norris,LAD,13,9,0,0,42.2,48,31,42,21,8,3,3,0,0,0,6.54,1.62
Trevor May,MIN,44,0,0,0,42.2,39,25,60,17,7,2,2,0,2,6,5.27,1.31
Justin Miller,COL,40,0,0,0,42.2,50,27,45,20,6,1,1,0,0,1,5.70,1.64
Adam Liberatore,LAD,58,0,0,0,42.2,34,16,47,17,2,2,2,0,2,14,3.38,1.20
Mike Dunn,MIA,51,0,0,0,42.1,43,16,38,11,5,6,1,0,4,8,3.40,1.28
Jerry Blevins,NYM,73,0,0,0,42.0,36,13,52,15,4,4,2,2,1,16,2.79,1.21
Jason Grilli,TOR,46,0,0,0,42.0,28,17,58,19,8,6,4,2,2,21,3.64,1.12
Mark Melancon,PIT,45,0,0,0,41.2,31,7,38,9,2,1,1,30,3,0,1.51,0.96
Xavier Cedeno,TB,54,0,0,0,41.1,36,17,43,13,2,3,4,0,5,19,3.70,1.19
Michael Blazek,MIL,41,0,0,0,41.1,52,26,36,27,7,3,1,0,1,9,5.66,1.91
Jesse Chavez,TOR,39,0,0,0,41.1,43,21,42,10,9,1,2,0,2,7,4.57,1.28
Enrique Burgos,ARI,43,0,0,0,41.1,38,26,43,23,5,1,2,1,3,7,5.66,1.48
Kirby Yates,NYY,41,0,0,0,41.1,41,24,50,19,5,2,1,0,2,2,5.23,1.45
Sammy Solis,WAS,37,0,0,0,41.0,31,11,47,21,1,2,4,0,1,9,2.41,1.27
Arquimedes Caminero,PIT,39,0,0,0,41.0,46,16,32,22,4,1,2,1,1,2,3.51,1.66
Fernando Rodriguez,OAK,34,0,0,0,40.2,30,19,37,17,3,2,0,0,0,5,4.20,1.16
Chris Hatcher,LAD,37,0,0,0,40.2,40,25,43,21,8,5,4,0,1,4,5.53,1.50
Gonzalez Germen,COL,40,0,0,0,40.2,41,24,32,25,5,2,1,1,1,0,5.31,1.62
Trevor Rosenthal,STL,45,0,0,0,40.1,48,20,56,29,3,2,4,14,4,0,4.46,1.91
Cam Bedrosian,LAA,45,0,0,0,40.1,30,5,51,14,1,2,0,1,1,7,1.12,1.09
Joe Kelly,BOS,20,6,0,0,40.0,44,23,48,24,5,4,0,0,1,2,5.18,1.70
Oliver Perez,WAS,64,0,0,0,40.0,38,22,46,20,4,2,3,0,1,16,4.95,1.45
Brandon McCarthy,LAD,10,9,0,0,40.0,29,22,44,26,2,2,3,0,1,0,4.95,1.38
Edubray Ramos,PHI,42,0,0,0,40.0,36,17,40,11,5,1,3,0,2,15,3.83,1.18
Ryan Garton,TB,37,0,0,0,39.1,44,19,33,11,5,1,2,1,0,2,4.35,1.40
Keyvius Sampson,CIN,18,2,0,0,39.1,40,19,42,27,9,0,1,0,0,0,4.35,1.70
Sean Doolittle,OAK,44,0,0,0,39.0,33,14,45,8,6,2,3,4,2,10,3.23,1.05
Eric Surkamp,OAK,9,9,0,0,38.2,55,30,22,21,8,0,5,0,0,0,6.98,1.97
Arodys Vizcaino,ATL,43,0,0,0,38.2,37,19,50,26,3,1,4,10,4,0,4.42,1.63
Nick Martinez,TEX,12,5,0,0,38.2,45,24,16,19,8,2,3,0,0,0,5.59,1.66
Mauricio Cabrera,ATL,41,0,0,0,38.1,31,12,32,19,0,5,1,6,1,8,2.82,1.30
A.J. Cole,WAS,8,8,0,0,38.1,37,22,39,14,7,1,2,0,0,0,5.17,1.33
Mike Montgomery,CHC,17,5,0,0,38.1,30,12,38,20,5,1,1,0,0,2,2.82,1.30
Brad Ziegler,ARI,36,0,0,0,38.1,41,12,27,15,1,2,3,18,2,0,2.82,1.46
Tim Lincecum,LAA,9,9,0,0,38.1,68,39,32,23,11,2,6,0,0,0,9.16,2.37
Tyler Clippard,ARI,40,0,0,0,37.2,34,18,46,15,7,2,3,1,2,13,4.30,1.30
Zach Duke,CWS,53,0,0,0,37.2,31,11,42,16,2,2,0,1,3,20,2.63,1.25
Chris Withrow,ATL,46,0,0,0,37.2,29,15,28,17,5,3,0,0,3,12,3.58,1.22
Joe Smith,LAA,38,0,0,0,37.2,36,16,25,13,4,1,4,6,3,6,3.82,1.30
A.J. Achter,LAA,27,0,0,0,37.2,43,13,14,12,7,1,0,0,0,3,3.11,1.46
Luke Hochevar,KC,40,0,0,0,37.1,31,16,40,9,6,2,3,0,4,14,3.86,1.07
Jarred Cosart,SD,9,9,0,0,37.1,42,25,27,23,4,0,3,0,0,0,6.03,1.74
Robert Stephenson,CIN,8,8,0,0,37.0,41,25,31,19,9,2,3,0,0,0,6.08,1.62
Fernando Rodney,MIA,39,0,0,0,36.2,41,24,41,25,5,2,3,8,3,8,5.89,1.80
Brett Cecil,TOR,54,0,0,0,36.2,39,16,45,8,6,1,7,0,4,9,3.93,1.28
Shawn Tolleson,TEX,37,0,0,0,36.1,53,31,29,10,8,2,2,11,4,1,7.68,1.73
Bruce Rondon,DET,37,0,0,0,36.1,23,12,45,12,5,5,2,0,2,6,2.97,0.96
Josh Osich,SF,59,0,0,0,36.1,31,19,25,19,7,1,3,0,3,18,4.71,1.38
Luke Weaver,STL,9,8,0,0,36.1,46,23,45,12,7,1,4,0,0,0,5.70,1.60
Ryan Weber,ATL,16,2,0,0,36.1,46,22,23,5,7,1,1,0,1,0,5.45,1.40
Carl Edwards Jr.,CHC,36,0,0,0,36.0,15,15,52,14,4,0,1,2,1,6,3.75,0.81
Marc Rzepczynski,OAK,56,0,0,0,36.0,38,12,37,24,1,1,0,0,1,6,3.00,1.72
Buddy Boshers,MIN,37,0,0,0,36.0,35,17,37,7,3,2,0,0,0,2,4.25,1.17
Erik Goeddel,NYM,36,0,0,0,35.2,33,18,36,14,5,2,2,0,1,2,4.54,1.32
Jose Dominguez,SD,34,0,0,0,35.2,34,20,20,17,5,1,0,0,1,1,5.05,1.43
Severino Gonzalez,PHI,27,0,0,0,35.1,40,22,34,7,4,1,2,0,0,1,5.60,1.33
Danny Farquhar,TB,35,0,0,0,35.1,33,12,46,15,8,1,0,0,1,7,3.06,1.36
Jim Henderson,NYM,44,0,0,0,35.0,34,16,40,14,7,2,2,0,2,11,4.11,1.37
Adam Warren,CHC,29,1,0,0,35.0,31,23,27,19,7,3,2,0,1,6,5.91,1.43
Jonathan Papelbon,WAS,37,0,0,0,35.0,37,17,31,14,3,2,4,19,3,1,4.37,1.46
Garrett Richards,LAA,6,6,0,0,34.2,31,9,34,15,2,1,3,0,0,0,2.34,1.33
Rich Hill,LAD,6,6,0,0,34.1,22,7,39,5,2,3,2,0,0,0,1.83,0.79
Fernando Abad,MIN,39,0,0,0,34.0,27,10,29,14,2,1,4,1,1,6,2.65,1.21
Keone Kela,TEX,35,0,0,0,34.0,30,23,45,17,6,5,1,0,1,15,6.09,1.38
Hunter Cervenka,ATL,50,0,0,0,34.0,20,12,35,23,2,1,0,0,0,9,3.18,1.26
Cesar Vargas,SD,7,7,0,0,34.0,41,19,28,15,5,0,3,0,0,0,5.03,1.65
Steven Brault,PIT,8,7,0,0,33.1,45,18,29,17,5,0,3,0,0,0,4.86,1.86
Drew Storen,TOR,38,0,0,0,33.1,43,23,32,10,6,1,3,3,1,8,6.21,1.59
Brian Ellington,MIA,32,0,0,0,33.0,27,9,32,16,2,4,2,0,0,4,2.45,1.30
Chasen Shreve,NYY,37,0,0,0,33.0,29,19,33,13,8,2,1,1,0,1,5.18,1.27
Corey Knebel,MIL,35,0,0,0,32.2,32,17,38,16,3,1,4,2,2,13,4.68,1.47
Jose Ramirez,ATL,33,0,0,0,32.2,26,13,33,18,2,2,2,0,0,3,3.58,1.35
Chad Qualls,COL,44,0,0,0,32.2,43,19,22,9,5,2,0,0,1,4,5.23,1.59
JC Ramirez,CIN,27,0,0,0,32.1,35,23,28,9,7,1,3,1,3,1,6.40,1.36
Andrew Bailey,PHI,33,0,0,0,32.1,32,23,33,15,6,3,1,0,1,4,6.40,1.45
Alexi Ogando,ATL,36,0,0,0,32.0,32,14,29,23,2,2,1,0,0,3,3.94,1.72
Seth Maness,STL,29,0,0,0,31.2,34,12,16,8,2,2,2,0,0,1,3.41,1.33
Brad Peacock,HOU,10,5,0,0,31.2,21,13,28,14,6,0,1,0,0,0,3.69,1.11
Colton Murray,PHI,24,0,0,0,31.2,34,22,31,13,6,1,1,0,0,1,6.25,1.48
Jeff Hoffman,COL,8,6,0,0,31.1,37,17,22,17,7,0,4,0,0,0,4.88,1.72
Aroldis Chapman,NYY,31,0,0,0,31.1,20,7,44,8,2,3,0,20,1,0,2.01,0.89
Darren O'Day,BAL,34,0,0,0,31.0,25,13,38,13,6,3,1,3,2,10,3.77,1.23
Gavin Floyd,TOR,28,0,0,0,31.0,23,14,30,8,4,2,4,0,1,6,4.06,1.00
Anthony Swarzak,NYY,26,0,0,0,31.0,28,19,31,7,10,1,2,0,1,1,5.52,1.13
Kevin Jepsen,MIN,33,0,0,0,30.2,42,21,22,12,7,2,5,7,4,2,6.16,1.76
Sergio Romo,SF,40,0,0,0,30.2,26,9,33,7,5,1,0,4,0,14,2.64,1.08
Adam Warren,NYY,29,0,0,0,30.1,28,11,25,10,4,4,2,0,2,6,3.26,1.25
Michael Ynoa,CWS,23,0,0,0,30.0,20,10,30,17,0,1,0,0,0,1,3.00,1.23
Brad Ziegler,BOS,33,0,0,0,29.2,26,5,31,11,1,2,4,4,4,8,1.52,1.25
Mark Melancon,WAS,30,0,0,0,29.2,21,6,27,3,1,1,1,17,1,0,1.82,0.81
Lucas Harrell,ATL,5,5,0,0,29.1,25,11,21,12,1,2,2,0,0,0,3.38,1.26
Buck Farmer,DET,14,1,0,0,29.1,25,15,27,20,4,0,1,0,0,0,4.60,1.53
Jharel Cotton,OAK,5,5,0,0,29.1,20,7,23,4,4,2,0,0,0,0,2.15,0.82
Nick Goody,NYY,27,0,0,0,29.0,30,15,34,12,7,0,0,0,0,0,4.66,1.45
Andrew Miller,CLE,26,0,0,0,29.0,14,5,46,2,3,4,0,3,0,10,1.55,0.55
Fernando Rodney,SD,28,0,0,0,28.2,13,1,33,12,0,0,1,17,0,0,0.31,0.87
Eric O'Flaherty,ATL,39,0,0,0,28.2,39,22,22,11,3,1,4,0,1,3,6.91,1.74
Tom Layne,BOS,34,0,0,0,28.2,27,12,25,14,1,0,1,0,1,2,3.77,1.43
Tyler Cravy,MIL,20,2,0,0,28.1,21,9,22,12,3,0,1,0,0,0,2.86,1.16
Chris Bassitt,OAK,5,5,0,0,28.0,35,19,23,14,5,0,2,0,0,0,6.11,1.75
Brock Stewart,LAD,7,5,0,0,28.0,33,18,25,12,7,2,2,0,0,0,5.79,1.61
Alec Asher,PHI,5,5,0,0,27.2,22,7,13,4,1,2,1,0,0,0,2.28,0.94
Michael Bolsinger,LAD,6,6,0,0,27.2,33,21,25,9,7,1,4,0,0,0,6.83,1.52
Anthony Ranaudo,CWS,7,5,0,0,27.2,34,26,16,12,9,0,1,0,0,0,8.46,1.66
Tommy Kahnle,CWS,29,0,0,0,27.1,21,8,25,20,2,0,1,1,1,4,2.63,1.50
Felipe Vazquez,PIT,28,0,0,0,27.1,23,10,39,18,3,1,3,0,2,10,3.29,1.50
Elvis Araujo,PHI,32,0,0,0,27.1,35,17,29,17,4,2,1,0,1,4,5.60,1.90
Zach Putnam,CWS,25,0,0,0,27.1,25,7,30,11,2,1,0,0,0,2,2.30,1.32
Odrisamer Despaigne,BAL,16,0,0,0,27.1,32,17,17,15,3,0,2,0,2,1,5.60,1.72
Dominic Leone,ARI,25,0,0,0,27.0,45,19,23,12,7,0,1,0,1,0,6.33,2.11
Adam Ottavino,COL,34,0,0,0,27.0,18,8,35,7,3,1,3,7,5,4,2.67,0.93
Jhoulys Chacin,ATL,5,5,0,0,26.2,29,16,27,8,4,1,2,0,0,0,5.40,1.39
Javier Lopez,SF,68,0,0,0,26.2,24,12,15,15,3,1,3,1,3,20,4.05,1.46
Steve Geltz,TB,27,0,0,0,26.2,24,17,23,9,11,0,2,0,1,1,5.74,1.24
Taylor Jungmann,MIL,8,6,0,0,26.2,30,23,18,17,4,0,5,0,0,0,7.76,1.76
Aroldis Chapman,CHC,28,0,0,0,26.2,12,3,46,10,0,1,1,16,2,0,1.01,0.82
Jacob Barnes,MIL,27,0,0,0,26.2,24,8,26,6,1,0,1,1,0,0,2.70,1.12
Daniel Wright,LAA,5,5,0,0,26.2,32,16,15,6,5,1,3,0,0,0,5.40,1.42
Grant Dayton,LAD,25,0,0,0,26.1,14,6,39,6,4,0,1,0,2,6,2.05,0.76
Scott Oberg,COL,24,0,0,0,26.0,26,15,20,11,3,1,1,1,1,1,5.19,1.42
Blaine Hardy,DET,21,0,0,0,25.2,25,10,20,12,2,1,0,0,0,0,3.51,1.44
Cody Martin,SEA,9,2,0,0,25.2,28,11,15,9,5,1,2,0,0,0,3.86,1.44
Casey Fien,LAD,25,0,0,0,25.2,24,12,23,7,8,0,1,0,1,5,4.21,1.21
Jesse Chavez,LAD,23,0,0,0,25.2,28,12,21,8,3,1,0,0,1,3,4.21,1.40
Chris Beck,CWS,25,0,0,0,25.1,31,18,20,17,3,2,2,0,1,5,6.39,1.89
Tyler Clippard,NYY,29,0,0,0,25.1,20,7,26,11,3,2,3,2,1,12,2.49,1.22
Tom Wilhelmsen,SEA,29,0,0,0,25.0,22,10,17,10,4,0,1,1,1,9,3.60,1.28
Kyle Lobstein,PIT,14,0,0,0,25.0,25,11,15,12,2,2,0,0,0,0,3.96,1.48
Ryan O'Rourke,MIN,26,0,0,0,25.0,18,11,24,10,3,0,1,0,0,0,3.96,1.12
Bryan Mitchell,NYY,5,5,0,0,25.0,26,9,11,12,1,1,2,0,0,0,3.24,1.52
Silvino Bracho,ARI,26,0,0,0,24.2,31,20,17,10,7,0,2,0,0,0,7.30,1.66
Rob Whalen,ATL,5,5,0,0,24.2,20,18,25,12,4,1,2,0,0,0,6.57,1.30
Cory Rasmus,LAA,19,1,0,0,24.2,25,16,17,16,4,0,2,0,1,0,5.84,1.66
T.J. McFarland,BAL,16,0,0,0,24.2,33,19,7,10,3,2,2,0,3,0,6.93,1.74
Chris Smith,OAK,13,0,0,0,24.2,14,8,29,13,2,0,0,0,0,0,2.92,1.09
Christian Bergman,COL,15,1,0,0,24.2,39,23,22,6,7,1,3,0,1,0,8.39,1.82
Jacob Turner,CWS,18,2,0,0,24.2,33,18,18,16,5,1,2,0,0,2,6.57,1.99
Brad Boxberger,TB,27,0,0,0,24.1,23,13,22,19,3,4,3,0,3,7,4.81,1.73
Caleb Cotham,CIN,23,0,0,0,24.1,32,20,21,12,3,0,3,0,1,3,7.40,1.81
Joaquin Benoit,SEA,26,0,0,0,24.1,20,14,28,15,4,1,1,0,2,8,5.18,1.44
Kris Medlen,KC,6,6,0,0,24.1,30,21,18,20,2,1,3,0,0,0,7.77,2.05
Dillon Overton,OAK,7,5,0,0,24.1,48,31,17,7,12,1,3,0,0,0,11.47,2.26
Antonio Bastardo,PIT,28,0,0,0,24.0,19,11,28,11,3,3,0,0,1,8,4.13,1.25
Chris Capuano,MIL,16,0,0,0,24.0,23,11,27,15,7,1,1,0,1,1,4.13,1.58
Joaquin Benoit,TOR,25,0,0,0,23.2,17,1,24,9,1,2,0,1,1,10,0.38,1.10
Jason Motte,COL,30,0,0,0,23.2,28,13,24,8,6,0,1,0,0,6,4.94,1.52
Edwin Escobar,ARI,25,2,0,0,23.2,33,19,17,12,4,1,2,0,1,4,7.23,1.90
Jose Valdez,LAA,25,0,0,0,23.1,17,11,22,16,4,2,3,0,1,6,4.24,1.41
Zach Duke,STL,28,0,0,0,23.1,17,5,26,13,0,0,1,1,0,6,1.93,1.29
Joel Peralta,SEA,26,0,0,0,23.1,24,14,28,7,7,1,0,0,2,11,5.40,1.33
Tyler Glasnow,PIT,7,4,0,0,23.1,22,11,24,13,2,0,2,0,0,0,4.24,1.50
JT Chargois,MIN,25,0,0,0,23.0,25,12,17,12,0,1,1,0,0,2,4.70,1.61
Dana Eveland,TB,33,0,0,0,23.0,32,23,21,19,3,0,1,0,0,3,9.00,2.22
Homer Bailey,CIN,6,6,0,0,23.0,35,17,27,7,2,2,3,0,0,0,6.65,1.83
Richard Bleier,NYY,23,0,0,0,23.0,20,5,13,4,0,0,0,0,0,2,1.96,1.04
Andrew Chafin,ARI,32,0,0,0,22.2,22,17,28,11,1,0,1,0,1,6,6.75,1.46
Raul Alcantara,OAK,5,5,0,0,22.1,31,18,14,4,9,1,3,0,0,0,7.25,1.57
Josh Collmenter,ARI,15,0,0,0,22.1,21,12,17,11,4,1,0,0,0,0,4.84,1.43
Huston Street,LAA,26,0,0,0,22.1,31,16,14,12,5,3,2,9,3,0,6.45,1.93
John Danks,CWS,4,4,0,0,22.1,28,18,16,11,5,0,4,0,0,0,7.25,1.75
Alex Cobb,TB,5,5,0,0,22.0,32,21,16,7,5,1,2,0,0,0,8.59,1.77
Will Smith,MIL,27,0,0,0,22.0,18,9,22,9,3,1,3,0,4,12,3.68,1.23
Henry Owens,BOS,5,5,0,0,22.0,23,17,21,20,5,0,2,0,0,0,6.95,1.95
Leonel Campos,SD,18,0,0,0,22.0,18,14,24,14,3,1,0,0,0,0,5.73,1.45
Dean Kiekhefer,STL,26,0,0,0,22.0,24,13,14,7,2,0,0,0,0,2,5.32,1.41
James Hoyt,HOU,22,0,0,0,22.0,16,11,28,9,5,1,1,0,1,1,4.50,1.14
Matt Strahm,KC,21,0,0,0,22.0,13,3,30,11,0,2,2,0,0,6,1.23,1.09
Brent Suter,MIL,14,2,0,0,21.2,25,8,15,5,3,2,2,0,0,2,3.32,1.38
Michael Mariot,PHI,25,0,0,0,21.2,18,14,23,14,5,1,0,2,1,4,5.82,1.48
Tommy Hunter,CLE,21,0,0,0,21.2,21,9,17,5,1,2,2,0,1,0,3.74,1.20
Alex Meyer,LAA,5,5,0,0,21.2,17,11,24,13,2,1,2,0,0,0,4.57,1.38
Casey Kelly,ATL,10,1,0,0,21.2,30,14,7,7,1,0,3,0,1,0,5.82,1.71
Tom Wilhelmsen,TEX,21,0,0,0,21.1,38,25,11,9,7,2,3,0,2,3,10.55,2.20
Sean O'Sullivan,BOS,5,4,0,0,21.1,30,16,13,6,3,2,0,0,0,0,6.75,1.69
Lucas Giolito,WAS,6,4,0,0,21.1,26,16,11,12,7,0,1,0,0,0,6.75,1.78
Spencer Patton,CHC,16,0,0,0,21.1,20,13,22,14,3,1,1,0,0,1,5.48,1.59
Jon Moscot,CIN,5,5,0,0,21.1,26,19,10,10,10,0,3,0,0,0,8.02,1.69
German Marquez,COL,6,3,0,0,20.2,28,12,15,6,2,1,1,0,0,0,5.23,1.65
Brett Oberholtzer,LAA,11,2,0,0,20.0,27,19,16,9,7,1,1,0,0,0,8.55,1.80
Joba Chamberlain,CLE,20,0,0,0,20.0,12,5,18,11,1,0,0,0,0,0,2.25,1.15
Chaz Roe,ATL,21,0,0,0,20.0,14,8,26,7,0,1,0,0,1,3,3.60,1.05
Jarred Cosart,MIA,4,4,0,0,19.2,19,13,11,16,0,0,1,0,0,0,5.95,1.78
Arquimedes Caminero,SEA,18,0,0,0,19.2,21,8,18,11,3,1,1,0,1,6,3.66,1.63
Luis Avilan,LAD,27,0,0,0,19.2,12,7,28,10,0,3,0,0,1,3,3.20,1.12
Erik Johnson,SD,4,4,0,0,19.2,32,20,10,5,9,0,4,0,0,0,9.15,1.88
Koda Glover,WAS,19,0,0,0,19.2,15,11,16,7,3,2,0,0,2,2,5.03,1.12
Josh Fields,LAD,22,0,0,0,19.1,20,6,22,8,2,1,0,0,0,2,2.79,1.45
Kevin Jepsen,TB,25,0,0,0,19.0,20,12,13,9,5,0,1,0,0,3,5.68,1.53
Scott Alexander,KC,17,0,0,0,19.0,24,7,16,7,1,0,0,0,1,0,3.32,1.63
Josh Collmenter,ATL,3,3,0,0,19.0,15,5,16,5,3,2,0,0,0,0,2.37,1.05
Drew VerHagen,DET,19,0,0,0,19.0,28,15,10,7,3,1,0,0,0,2,7.11,1.84
Rafael Montero,NYM,9,3,0,0,19.0,23,17,20,16,4,0,1,0,0,0,8.05,2.05
Keith Hessler,SD,15,0,0,0,18.2,19,7,9,11,2,1,0,0,0,1,3.38,1.61
J.J. Hoover,CIN,18,0,0,0,18.2,29,28,15,12,9,1,2,1,1,1,13.50,2.20
Will Smith,SF,26,0,0,0,18.1,13,6,26,9,0,1,1,0,1,11,2.95,1.20
Austin Adams,CLE,19,0,0,0,18.1,27,20,17,7,5,0,0,0,0,0,9.82,1.85
Drew Storen,SEA,19,0,0,0,18.1,13,7,16,3,1,3,0,0,0,2,3.44,0.87
Rob Scahill,MIL,16,0,0,0,18.1,16,5,14,3,1,0,0,0,0,1,2.45,1.04
Ryan Tepera,TOR,20,0,0,0,18.1,17,6,18,8,1,0,1,0,0,0,2.95,1.36
Tyler Sturdevant,TB,16,0,0,0,18.1,18,8,14,6,1,0,1,0,0,3,3.93,1.31
Greg Mahle,LAA,24,0,0,0,18.1,23,11,14,10,4,1,0,0,0,6,5.40,1.80
Donnie Hart,BAL,22,0,0,0,18.1,12,1,12,6,1,0,0,0,0,4,0.49,0.98
Gabriel Ynoa,NYM,10,3,0,0,18.1,26,13,17,7,0,1,0,0,0,0,6.38,1.80
Matt Koch,ARI,7,2,0,0,18.0,9,4,10,4,1,1,1,1,0,0,2.00,0.72
Oliver Drake,BAL,14,0,0,0,18.0,11,8,21,7,2,1,0,0,1,0,4.00,1.00
Miguel Socolovich,STL,15,0,0,0,18.0,5,4,16,5,2,1,0,0,0,0,2.00,0.56
Matt Purke,CWS,12,0,0,0,18.0,20,11,15,12,0,0,1,0,0,0,5.50,1.78
Sean Gilmartin,NYM,14,1,0,0,17.2,21,14,11,7,4,0,1,0,0,1,7.13,1.58
Bryan Morris,MIA,24,0,0,0,17.2,15,6,13,10,4,0,0,1,2,6,3.06,1.42
Lucas Harrell,TEX,4,4,0,0,17.2,21,11,15,13,3,1,0,0,0,0,5.60,1.92
Fernando Salas,NYM,17,0,0,0,17.1,11,4,19,0,3,0,1,0,0,7,2.08,0.63
Ryan Webb,TB,18,0,0,0,17.1,27,10,11,3,2,0,0,0,0,0,5.19,1.73
Charlie Morton,PHI,4,4,0,0,17.1,15,8,19,8,1,1,1,0,0,0,4.15,1.33
Jerome Williams,STL,11,0,0,0,17.1,22,11,8,6,4,0,0,0,0,0,5.71,1.62
Alex Wimmers,MIN,16,0,0,0,17.1,14,8,14,11,2,1,3,0,1,1,4.15,1.44
Jason Grilli,ATL,21,0,0,0,17.0,16,10,23,13,2,1,2,2,2,2,5.29,1.71
Matt Thornton,SD,18,0,0,0,17.0,22,11,9,6,2,1,0,0,0,0,5.82,1.65
Ty Blach,SF,4,2,0,0,17.0,8,2,10,5,1,1,0,0,0,0,1.06,0.76
Andrew Albers,MIN,6,2,0,0,17.0,27,11,16,6,5,0,0,0,0,0,5.82,1.94
Jose De Leon,LAD,4,4,0,0,17.0,19,12,15,7,5,2,0,0,0,0,6.35,1.53
Brandon Cunniff,ATL,15,0,0,0,17.0,14,8,16,9,2,2,0,0,0,0,4.24,1.35
Steve Johnson,SEA,16,0,0,0,16.2,13,8,17,11,3,1,0,0,0,1,4.32,1.44
Rob Scahill,PIT,15,0,0,0,16.1,18,8,13,6,1,0,0,0,0,1,4.41,1.47
Blake Parker,NYY,16,0,0,0,16.1,16,9,15,8,1,1,0,1,0,0,4.96,1.47
Bo Schultz,TOR,16,0,0,0,16.1,17,10,10,3,3,0,1,0,0,0,5.51,1.22
Kyle Crockett,CLE,29,0,0,0,16.0,16,9,17,7,0,0,0,0,0,3,5.06,1.44
Rob Zastryzny,CHC,8,1,0,0,16.0,12,2,17,5,0,1,0,0,0,0,1.13,1.06
Tom Layne,NYY,29,0,0,0,16.0,10,6,13,7,2,2,0,1,1,10,3.38,1.06
Brandon Morrow,SD,18,0,0,0,16.0,19,3,8,3,2,1,0,0,1,2,1.69,1.38
Josh Fields,HOU,15,0,0,0,15.2,23,12,20,3,2,0,0,0,0,0,6.89,1.66
Robbie Erlin,SD,3,2,0,0,15.2,12,7,13,3,3,1,2,0,0,0,4.02,0.96
Nefi Ogando,MIA,14,0,0,0,15.2,10,4,8,8,0,0,0,0,0,1,2.30,1.15
Matt Carasiti,COL,19,0,0,0,15.2,25,16,17,11,1,1,0,0,0,2,9.19,2.30
Jandel Gustave,HOU,14,0,0,0,15.1,13,6,16,4,2,1,0,0,0,0,3.52,1.11
Luis Garcia,PHI,17,0,0,0,15.1,21,11,14,8,2,1,1,0,1,1,6.46,1.89
Wilfredo Boscan,PIT,6,1,0,0,15.1,15,11,8,7,2,1,1,0,0,0,6.46,1.43
Evan Marshall,ARI,15,0,0,0,15.1,28,15,9,8,2,0,1,0,0,1,8.80,2.35
Josh Smoker,NYM,20,0,0,0,15.1,16,8,25,4,4,3,0,0,0,2,4.70,1.30
Frank Herrmann,PHI,14,0,0,0,15.0,20,14,14,5,7,1,2,0,0,0,8.40,1.67
Scott Feldman,TOR,14,0,0,0,15.0,23,14,14,6,2,2,1,0,0,0,8.40,1.93
Dario Alvarez,ATL,16,0,0,0,15.0,11,5,28,5,3,3,1,0,0,1,3.00,1.07
Jose Leclerc,TEX,12,0,0,0,15.0,11,3,15,13,0,0,0,0,0,0,1.80,1.60
Dylan Floro,TB,12,0,0,0,15.0,23,7,14,5,0,0,1,0,0,0,4.20,1.87
Steve Hathaway,ARI,24,0,0,0,14.2,18,8,15,6,1,0,0,0,0,2,4.91,1.64
Miguel Castro,COL,19,0,0,0,14.2,18,10,12,5,3,0,0,0,1,7,6.14,1.57
Neil Ramirez,MIN,8,0,0,0,14.2,15,10,11,10,5,0,0,0,0,0,6.14,1.70
Joe Smith,CHC,16,0,0,0,14.1,11,4,15,5,4,1,1,0,0,1,2.51,1.12
Aaron Loup,TOR,21,0,0,0,14.1,15,8,15,4,2,0,0,0,1,1,5.02,1.33
Chase Whitley,TB,5,1,0,0,14.1,13,4,15,3,2,0,0,0,0,3,2.51,1.12
Steven Okert,SF,16,0,0,0,14.0,14,5,14,4,2,0,0,0,1,2,3.21,1.29
Austin Brice,MIA,15,0,0,0,14.0,9,11,14,5,2,0,1,0,0,1,7.07,1.00
Pat Light,MIN,15,0,0,0,14.0,15,14,14,15,2,0,1,0,1,0,9.00,2.14
Evan Scribner,SEA,12,0,0,0,14.0,5,0,15,2,0,0,0,0,0,3,0.00,0.50
Clayton Richard,CHC,25,0,0,0,14.0,23,10,7,7,0,0,1,1,0,1,6.43,2.14
Craig Breslow,MIA,15,0,0,0,14.0,21,7,7,4,1,0,2,0,1,2,4.50,1.79
Casey Fien,MIN,14,0,0,0,13.2,21,12,12,3,5,1,0,0,0,1,7.90,1.76
Danny Barnes,TOR,12,0,0,0,13.2,14,6,14,5,0,0,0,0,0,1,3.95,1.39
Tony Zych,SEA,12,0,0,0,13.2,10,5,21,10,0,1,0,0,0,1,3.29,1.46
Zac Curtis,ARI,21,0,0,0,13.1,13,10,10,13,2,0,1,0,1,1,6.75,1.95
Eddie Gamboa,TB,7,0,0,0,13.1,9,2,11,8,1,0,2,0,0,1,1.35,1.28
Pat Venditte,SEA,7,0,0,0,13.1,13,9,12,7,4,0,0,0,0,0,6.08,1.50
Jeremy Jeffress,TEX,12,0,0,0,13.1,10,4,7,7,0,1,0,0,0,6,2.70,1.28
Brian Duensing,BAL,14,0,0,0,13.1,13,6,10,3,2,1,0,0,0,0,4.05,1.20
Johnny Barbato,NYY,13,0,0,0,13.0,13,11,15,5,2,1,2,0,0,0,7.62,1.38
Noe Ramirez,BOS,14,0,0,0,13.0,16,9,15,8,4,0,0,0,0,0,6.23,1.85
Daniel Wright,CIN,4,2,0,0,13.0,25,11,6,2,2,0,2,0,0,0,7.62,2.08
Jake Esch,MIA,3,3,0,0,13.0,17,8,10,6,4,0,1,0,0,0,5.54,1.77
J.B. Wendelken,OAK,8,0,0,0,12.2,18,14,12,9,3,0,0,0,0,0,9.95,2.13
Trevor Williams,PIT,7,1,0,0,12.2,19,11,11,5,4,1,1,0,1,0,7.82,1.89
Drew Hutchison,TOR,3,2,0,0,12.2,13,7,12,4,4,1,0,0,1,0,4.97,1.34
Fernando Abad,BOS,18,0,0,0,12.2,13,9,12,8,2,0,2,0,3,2,6.39,1.66
Brooks Pounders,KC,13,0,0,0,12.2,19,13,13,3,6,2,1,0,0,1,9.24,1.74
Tommy Hunter,BAL,12,0,0,0,12.1,14,3,6,3,0,0,0,0,0,1,2.19,1.38
Dan Altavilla,SEA,15,0,0,0,12.1,11,1,10,1,0,0,0,0,1,1,0.73,0.97
Wade LeBlanc,PIT,8,0,0,0,12.0,7,1,10,2,0,1,0,1,0,1,0.75,0.75
Jason Vargas,KC,3,3,0,0,12.0,8,3,11,3,1,0,0,0,0,0,2.25,0.92
Marc Rzepczynski,WAS,14,0,0,0,11.2,8,2,9,5,0,0,0,0,0,5,1.54,1.11
Luke Jackson,TEX,8,0,0,0,11.2,22,14,3,8,4,0,0,0,0,0,10.80,2.57
Erik Johnson,CWS,2,2,0,0,11.2,14,9,11,6,5,0,2,0,0,0,6.94,1.71
Carson Fulmer,CWS,8,0,0,0,11.2,12,11,10,7,2,0,2,0,1,0,8.49,1.63
Dario Alvarez,TEX,10,0,0,0,11.2,17,10,13,2,3,0,0,0,0,0,7.71,1.63
Drew Hutchison,PIT,6,1,0,0,11.1,15,7,10,3,2,0,0,0,0,0,5.56,1.59
Andrew Bailey,LAA,12,0,0,0,11.1,9,3,8,2,1,0,0,6,0,0,2.38,0.97
Brett Anderson,LAD,4,3,0,0,11.1,25,15,5,4,4,1,2,0,0,0,11.91,2.56
Jon Niese,NYM,6,2,0,0,11.0,13,14,12,9,4,0,1,0,0,0,11.45,2.00
Ryan Merritt,CLE,4,1,0,0,11.0,6,2,6,0,0,1,0,0,0,0,1.64,0.55
Dalier Hinojosa,PHI,10,0,0,0,11.0,10,4,8,3,1,0,1,0,1,1,3.27,1.18
David Goforth,MIL,10,0,0,0,10.2,18,13,9,4,3,0,0,0,0,0,10.97,2.06
Shawn Armstrong,CLE,10,0,0,0,10.2,9,3,7,5,1,0,0,0,0,0,2.53,1.31
Phil Klein,PHI,4,2,0,0,10.2,15,10,7,7,0,0,0,0,0,0,8.44,2.06
Edwin Jackson,MIA,8,0,0,0,10.2,13,7,7,6,2,0,1,0,0,0,5.91,1.78
Josh Edgin,NYM,16,0,0,0,10.1,10,6,11,6,1,1,0,0,0,0,5.23,1.55
Chi Chi Gonzalez,TEX,3,3,0,0,10.1,21,10,7,9,1,0,2,0,0,0,8.71,2.90
Juan Minaya,CWS,11,0,0,0,10.1,10,5,6,5,0,1,0,0,0,0,4.35,1.45
Chad Girodo,TOR,14,0,0,0,10.1,11,5,5,2,3,0,0,0,0,0,4.35,1.26
Joe Colon,CLE,11,0,0,0,10.0,12,8,10,7,2,1,3,0,0,0,7.20,1.90
Tyler Wagner,ARI,3,0,0,0,10.0,9,2,7,2,0,1,0,0,0,0,1.80,1.10
Paul Clemens,MIA,2,2,0,0,10.0,11,7,6,8,5,1,0,0,0,0,6.30,1.90
Chris Stratton,SF,7,0,0,0,10.0,11,4,6,5,1,1,0,0,0,0,3.60,1.60
A.J. Morris,CIN,7,0,0,0,10.0,9,7,9,8,2,0,0,0,0,0,6.30,1.70
Buddy Baumann,SD,11,0,0,0,9.2,7,4,10,4,0,1,0,0,0,2,3.72,1.14
Warwick Saupold,DET,6,0,0,0,9.2,17,8,10,3,0,1,1,0,0,0,7.45,2.07
Chaz Roe,BAL,9,0,0,0,9.2,8,4,11,7,2,1,0,0,0,0,3.72,1.55
Josh Ravin,LAD,10,0,0,0,9.2,2,1,13,4,1,0,0,0,0,0,0.93,0.62
Mat Latos,WAS,6,1,0,0,9.2,11,7,10,5,1,1,1,0,0,0,6.52,1.66
Drew Hayes,CIN,6,0,0,0,9.2,15,9,8,6,3,0,0,0,1,0,8.38,2.17
Joely Rodriguez,PHI,12,0,0,0,9.2,8,3,7,4,0,0,0,0,0,3,2.79,1.24
Jason Gurka,COL,6,0,0,0,9.2,16,10,7,2,1,0,0,0,0,0,9.31,1.86
Hunter Cervenka,MIA,18,0,0,0,9.1,11,5,7,5,1,0,0,0,0,2,4.82,1.71
Kyle Lohse,TEX,2,2,0,0,9.1,15,13,3,5,4,0,2,0,0,0,12.54,2.14
David Rollins,SEA,11,0,0,0,9.1,12,8,6,7,2,1,0,0,0,0,7.71,2.04
Perci Garner,CLE,8,0,0,0,9.1,12,5,12,5,0,0,0,0,0,0,4.82,1.82
Sam Tuivailala,STL,12,0,0,0,9.0,12,6,7,6,0,0,0,0,0,0,6.00,2.00
Justin Marks,TB,4,0,0,0,9.0,7,1,6,9,1,0,0,0,0,0,1.00,1.78
Roberto Hernandez,ATL,2,2,0,0,9.0,13,8,6,1,4,1,1,0,0,0,8.00,1.56
Tim Melville,CIN,3,2,0,0,9.0,16,11,8,9,5,0,1,0,0,0,11.00,2.78
Felix Pena,CHC,11,0,0,0,9.0,5,4,13,3,1,0,0,1,0,2,4.00,0.89
Cody Ege,LAA,13,0,0,0,8.2,8,1,9,3,1,1,0,0,0,3,1.04,1.27
Phil Klein,TEX,8,0,0,0,8.2,8,5,12,2,2,0,1,0,0,0,5.19,1.15
Tanner Scheppers,TEX,10,0,0,0,8.2,6,4,5,3,0,1,1,1,0,2,4.15,1.04
Cory Luebke,PIT,9,0,0,0,8.2,15,9,9,11,2,0,1,0,0,0,9.35,3.00
Pat Venditte,TOR,8,0,0,0,8.2,11,5,7,4,1,0,0,0,0,1,5.19,1.73
Brady Rodgers,HOU,5,1,0,0,8.1,15,14,3,7,0,0,1,0,0,0,15.12,2.64
Dustin Molleken,DET,4,0,0,0,8.1,12,4,8,5,0,0,0,0,0,0,4.32,2.04
Chris Narveson,MIA,6,0,0,0,8.1,10,8,6,2,3,1,0,0,1,0,8.64,1.44
Yimi Garcia,LAD,9,0,0,0,8.1,9,3,4,1,0,0,0,0,2,1,3.24,1.20
Jonathan Holder,NYY,8,0,0,0,8.1,8,5,5,4,1,0,0,0,0,0,5.40,1.44
Kevin McCarthy,KC,10,0,0,0,8.1,11,6,7,5,1,1,0,0,1,0,6.48,1.92
Steve Delabar,CIN,7,0,0,0,8.0,5,6,10,10,1,0,0,0,0,2,6.75,1.88
Jake Petricka,CWS,9,0,0,0,8.0,8,4,7,8,1,0,0,0,0,1,4.50,2.00
Kevin Chapman,HOU,9,0,0,0,8.0,15,8,6,4,0,0,0,0,0,0,9.00,2.38
Sam Freeman,MIL,7,0,0,0,7.2,13,11,8,9,2,0,0,0,0,0,12.91,2.87
Neil Ramirez,CHC,8,0,0,0,7.2,5,4,10,8,1,0,0,0,0,1,4.70,1.70
Roenis Elias,BOS,3,1,0,0,7.2,15,11,3,5,2,0,1,0,0,0,12.91,2.61
Mayckol Guaipe,SEA,5,0,0,0,7.1,8,4,5,4,0,0,0,0,0,0,4.91,1.64
Wandy Peralta,CIN,10,0,0,0,7.1,11,7,5,7,1,0,0,0,0,2,8.59,2.45
Ben Heller,NYY,10,0,0,0,7.0,11,5,6,4,3,1,0,0,1,1,6.43,2.14
David Paulino,HOU,3,1,0,0,7.0,6,4,2,3,0,0,1,0,0,0,5.14,1.29
Madison Younginer,ATL,8,0,0,0,7.0,12,5,4,4,0,0,0,0,0,1,6.43,2.29
Jed Bradley,ATL,6,0,0,0,7.0,7,4,4,6,0,1,1,0,0,0,5.14,1.86
Zach Phillips,PIT,8,0,0,0,6.2,8,2,6,1,1,0,0,0,0,1,2.70,1.35
Andrew Faulkner,TEX,9,0,0,0,6.2,8,5,1,4,3,0,0,0,0,1,6.75,1.80
Dayan Diaz,CIN,6,0,0,0,6.2,10,7,3,7,2,0,0,0,0,0,9.45,2.55
Shae Simmons,ATL,7,0,0,0,6.2,6,1,3,0,0,0,0,0,0,0,1.35,0.90
Patrick Schuster,OAK,5,0,0,0,6.2,9,8,6,6,0,0,0,0,0,0,10.80,2.25
Logan Ondrusek,BAL,7,0,0,0,6.1,9,7,4,3,1,0,0,0,0,1,9.95,1.89
Javy Guerra,LAA,7,0,0,0,6.1,5,4,4,7,1,0,0,0,0,0,5.68,1.89
Adam Loewen,ARI,8,0,0,0,6.0,7,10,3,6,1,1,0,0,0,1,15.00,2.17
Brian Matusz,BAL,7,0,0,0,6.0,11,8,1,7,3,0,0,0,0,1,12.00,3.00
Phil Coke,NYY,3,0,0,0,6.0,7,4,1,4,1,0,0,0,0,0,6.00,1.83
Jake Buchanan,CHC,2,1,0,0,6.0,3,1,4,1,1,1,0,0,0,0,1.50,0.67
Matt Reynolds,SF,8,0,0,0,6.0,7,5,3,5,0,0,1,0,0,0,7.50,2.00
Andrew Heaney,LAA,1,1,0,0,6.0,7,4,7,0,2,0,1,0,0,0,6.00,1.17
Trevor Gott,WAS,9,0,0,0,6.0,6,1,6,3,0,0,0,0,0,1,1.50,1.50
Robby Scott,BOS,7,0,0,0,6.0,6,0,5,2,0,1,0,0,0,1,0.00,1.33
Abel De Los Santos,CIN,5,0,0,0,5.2,7,7,2,4,1,0,0,0,0,0,11.12,1.94
Vicente Campos,ARI,1,0,0,0,5.2,4,2,4,2,2,0,0,0,0,0,3.18,1.06
Sean Burnett,WAS,10,0,0,0,5.2,5,2,3,1,1,0,0,0,0,0,3.18,1.06
David Huff,LAA,2,2,0,0,5.1,13,7,3,2,4,0,2,0,0,0,11.81,2.81
Tyson Ross,SD,1,1,0,0,5.1,9,7,5,1,0,0,1,0,0,0,11.81,1.88
Bobby Parnell,DET,6,0,0,0,5.1,7,4,4,5,1,0,0,0,0,0,6.75,2.25
Mike Broadway,SF,4,0,0,0,5.1,9,7,4,1,2,0,0,0,0,0,11.81,1.88
Donn Roach,SEA,4,0,0,0,5.1,7,5,2,2,1,2,0,0,0,0,8.44,1.69
Mike Mayers,STL,4,1,0,0,5.1,16,16,2,3,3,1,1,0,0,0,27.00,3.56
Daniel Stumpf,PHI,7,0,0,0,5.0,9,6,2,2,1,0,0,0,0,1,10.80,2.20
William Cuevas,BOS,3,0,0,0,5.0,5,2,3,6,0,0,1,0,0,0,3.60,2.20
Chris Heston,SF,4,0,0,0,5.0,9,6,3,6,0,1,1,0,0,0,10.80,3.00
Joe Wieland,SEA,1,1,0,0,5.0,9,6,3,0,1,0,1,0,0,0,10.80,1.80
Ross Detwiler,CLE,7,0,0,0,4.2,3,3,3,4,1,0,0,0,1,0,5.79,1.50
Logan Kensing,DET,3,0,0,0,4.2,8,1,1,2,0,0,0,0,0,0,1.93,2.14
Hyun-Jin Ryu,LAD,1,1,0,0,4.2,8,6,4,2,1,0,1,0,0,0,11.57,2.14
Ashur Tolliver,BAL,5,0,0,0,4.2,5,3,5,3,1,1,0,0,0,0,5.79,1.71
Adrian Sampson,SEA,1,1,0,0,4.2,8,4,2,1,2,0,1,0,0,0,7.71,1.93
Shawn Morimando,CLE,2,0,0,0,4.2,9,6,5,5,2,0,0,0,0,0,11.57,3.00
Blake Smith,CWS,5,0,0,0,4.1,7,3,1,0,1,0,0,0,0,0,6.23,1.62
James Russell,PHI,7,0,0,0,4.1,9,9,4,5,2,0,0,0,1,1,18.69,3.23
Matt Magill,CIN,5,0,0,0,4.1,5,3,1,5,1,0,0,0,0,0,6.23,2.31
Joe Nathan,SF,7,0,0,0,4.1,3,0,5,2,0,1,0,0,1,0,0.00,1.15
Matt Buschmann,ARI,3,0,0,0,4.1,2,1,3,1,1,0,0,0,0,0,2.08,0.69
Franklin Morales,TOR,5,0,0,0,4.0,3,4,2,2,1,0,1,0,0,0,9.00,1.25
Nick Tepesch,LAD,1,1,0,0,4.0,7,5,3,0,1,0,1,0,0,0,11.25,1.75
Joel Peralta,CHC,5,0,0,0,4.0,6,4,5,1,2,0,1,0,0,0,9.00,1.75
Phil Coke,PIT,3,0,0,0,4.0,3,0,3,3,0,0,0,0,0,0,0.00,1.50
Carlos Frias,LAD,1,0,0,0,4.0,2,0,3,1,0,0,0,0,0,0,0.00,0.75
Jake Smith,SD,4,0,0,0,4.0,5,2,3,1,1,1,0,0,0,0,4.50,1.50
Jorge Rondon,PIT,2,0,0,0,3.2,9,7,4,1,1,0,0,0,0,0,17.18,2.73
Michael Roth,TEX,1,0,0,0,3.2,10,6,3,1,3,0,0,0,0,0,14.73,3.00
Yohan Flande,COL,2,0,0,0,3.2,8,5,0,3,0,0,0,0,0,0,12.27,3.00
Rafael Martin,WAS,8,0,0,0,3.2,0,1,5,1,0,0,0,0,0,0,2.45,0.27
Adam Plutko,CLE,2,0,0,0,3.2,5,3,3,2,1,0,0,0,0,0,7.36,1.91
Jhan Marinez,TB,3,0,0,0,3.2,2,1,3,0,1,0,0,0,0,0,2.45,0.55
Anthony Ranaudo,TEX,2,0,0,0,3.2,2,7,2,8,1,1,0,0,0,0,17.18,2.73
Alex Meyer,MIN,2,1,0,0,3.2,8,5,5,4,1,0,1,0,0,0,12.27,3.27
Parker Bridwell,BAL,2,0,0,0,3.1,5,5,3,1,2,0,0,0,0,0,13.50,1.80
Kelvin Marte,PIT,2,0,0,0,3.1,5,0,1,2,2,0,0,0,0,0,0.00,2.10
Alec Mills,KC,3,0,0,0,3.1,3,5,4,5,0,0,0,0,0,0,13.50,2.40
James Pazos,NYY,7,0,0,0,3.1,7,5,3,1,2,1,0,0,0,0,13.50,2.40
Colin Rea,MIA,1,1,0,0,3.1,1,0,4,0,0,0,0,0,0,0,0.00,0.30
Matt Marksberry,ATL,4,0,0,0,3.1,5,2,2,1,1,0,0,0,0,0,5.40,1.80
Keith Hessler,ARI,2,0,0,0,3.0,5,3,2,2,0,0,0,0,0,0,9.00,2.33
Yohander Mendez,TEX,2,0,0,0,3.0,5,6,0,2,0,0,0,0,0,0,18.00,2.33
Jose Torres,SD,4,0,0,0,3.0,3,0,3,2,0,0,0,0,0,1,0.00,1.67
Cody Ege,MIA,5,0,0,0,3.0,8,4,2,2,1,0,0,0,0,0,12.00,3.33
Conor Mullee,NYY,3,0,0,0,3.0,0,1,4,4,0,0,0,0,0,0,3.00,1.33
Matt Dermody,TOR,5,0,0,0,3.0,6,4,5,0,1,0,0,0,0,0,12.00,2.00
Odrisamer Despaigne,MIA,3,0,0,0,3.0,4,3,0,1,0,0,0,0,0,0,9.00,1.67
Kendry Flores,MIA,1,1,0,0,3.0,1,0,1,3,0,0,0,0,0,0,0.00,1.33
Matt Grace,WAS,5,0,0,0,3.0,1,0,4,0,0,0,0,0,0,0,0.00,0.33
Cody Hall,MIA,2,0,0,0,3.0,4,4,3,3,1,0,0,0,0,0,12.00,2.33
Ben Rowen,MIL,4,0,0,0,3.0,10,5,2,0,0,0,0,0,0,0,15.00,3.33
Damien Magnifico,MIL,3,0,0,0,3.0,2,2,0,3,0,0,0,0,0,0,6.00,1.67
Brian Matusz,CHC,1,1,0,0,3.0,6,6,2,2,3,0,0,0,0,0,18.00,2.67
Tom Gorzelanny,CLE,7,0,0,0,3.0,4,7,4,5,1,1,0,0,0,1,21.00,3.00
T.J. House,CLE,4,0,0,0,2.2,6,1,2,0,0,0,0,0,0,0,3.38,2.25
Pat Light,BOS,2,0,0,0,2.2,7,7,2,1,2,0,0,0,0,0,23.63,3.00
Carson Smith,BOS,3,0,0,0,2.2,2,0,2,1,0,0,0,0,0,0,0.00,1.13
Tyler Olson,NYY,1,0,0,0,2.2,3,2,0,2,0,0,0,0,0,0,6.75,1.88
Joe Mantiply,DET,5,0,0,0,2.2,7,5,2,2,1,0,0,0,0,0,16.88,3.38
Layne Somsen,CIN,2,0,0,0,2.1,6,5,2,3,2,0,0,0,0,0,19.29,3.86
Dan Winkler,ATL,3,0,0,0,2.1,0,0,4,1,0,0,0,0,0,0,0.00,0.43
Jayson Aquino,BAL,3,0,0,0,2.1,1,0,3,0,0,0,0,0,0,0,0.00,0.43
Gerardo Concepcion,CHC,3,0,0,0,2.1,2,1,2,1,0,0,0,0,0,0,3.86,1.29
Adalberto Mejia,MIN,1,0,0,0,2.1,5,2,0,1,0,0,0,0,0,0,7.71,2.57
Arnold Leon,TOR,2,0,0,0,2.1,3,2,2,1,1,0,0,0,1,0,7.71,1.71
Scott Carroll,CWS,3,0,0,0,2.1,2,3,2,1,0,0,0,0,0,0,11.57,1.29
Jo-Jo Reyes,MIA,1,0,0,0,2.0,3,2,0,1,0,0,0,0,0,0,9.00,2.00
Joe Nathan,CHC,3,0,0,0,2.0,2,0,4,2,0,1,0,0,0,0,0.00,2.00
Glen Perkins,MIN,2,0,0,0,2.0,5,2,3,1,0,0,0,0,1,0,9.00,3.00
Kyle Drabek,ARI,1,0,0,0,2.0,1,1,2,4,0,0,0,0,0,0,4.50,2.50
Al Alburquerque,LAA,2,0,0,0,2.0,2,1,1,2,1,0,0,0,0,0,4.50,2.00
David Hale,COL,2,0,0,0,2.0,4,3,1,2,1,0,0,0,0,0,13.50,3.00
Tayron Guerrero,SD,1,0,0,0,2.0,3,1,0,1,0,0,0,0,0,0,4.50,2.00
Patrick Schuster,PHI,6,0,0,0,2.0,6,10,2,4,1,0,1,0,0,0,45.00,5.00
Dustin Antolin,TOR,1,0,0,0,2.0,4,3,1,1,1,0,0,0,0,0,13.50,2.50
Ariel Miranda,BAL,1,0,0,0,2.0,4,3,4,0,0,0,0,0,0,0,13.50,2.00
Tyler Danish,CWS,3,0,0,0,1.2,6,2,0,3,0,0,0,0,0,0,10.80,5.40
J.R. Graham,MIN,1,0,0,0,1.2,3,2,2,1,0,0,0,0,0,0,10.80,2.40
Ariel Pena,MIL,1,0,0,0,1.2,5,5,0,2,3,0,0,0,0,0,27.00,4.20
Chin-Hui Tsao,LAD,2,0,0,0,1.2,1,1,0,3,0,0,1,0,0,0,5.40,2.40
Neil Ramirez,MIL,2,0,0,0,1.2,2,2,3,0,2,0,0,0,0,0,10.80,1.20
Michael Kirkman,SD,1,0,0,0,1.1,6,4,0,0,0,0,0,0,0,0,27.00,4.50
Jason Hursh,ATL,2,0,0,0,1.1,4,5,1,3,0,0,0,0,0,0,33.75,5.25
Blake Parker,SEA,1,0,0,0,1.0,1,0,0,1,0,0,0,0,0,0,0.00,2.00
Scott Diamond,TOR,1,0,0,0,1.0,2,3,0,2,0,0,0,0,0,0,27.00,4.00
Michael Kirkman,MIL,1,0,0,0,1.0,1,1,1,1,0,0,0,0,0,0,9.00,2.00
Daniel Webb,CWS,1,0,0,0,1.0,2,0,3,1,0,0,0,0,0,0,0.00,3.00
Vin Mazzaro,SF,2,0,0,0,1.0,7,6,0,1,0,1,0,0,0,0,54.00,8.00
Branden Pinder,NYY,1,0,0,0,1.0,3,2,1,1,0,0,0,0,0,0,18.00,4.00
Curtis Partch,PIT,2,0,0,0,0.2,2,3,0,2,0,0,0,0,0,0,40.50,6.00
Jonathan Aro,SEA,1,0,0,0,0.2,1,0,0,1,0,0,0,0,0,1,0.00,3.00